166e9cd3-9662-467d-986a-daaf16fa048c,2023-08-20 19:50:51.465767+02,../MusicLib/Drum & Bass/Benny L - Police In Helicopter (Remix).mp3,Police In Helicopter (Remix),Benny L,"",,Drum & Bass,4:27,D Major,10B,88,47,80,73,19,0,0,8,6,Uploaded from Uploader.py
74d8bcc4-f39a-4fb0-a01c-b59f5a3d9285,2023-08-20 19:51:54.665542+02,../MusicLib/Drum & Bass/BLVCK CROWZ - Shadows.mp3,Shadows,BLVCK CROWZ,"",,Drum & Bass,4:50,B♭ Minor,3A,175,43,99,62,62,28,6,8,6,Uploaded from Uploader.py
8927b307-d741-49ba-bdda-d2277a5f9738,2023-08-20 19:48:33.442731+02,../MusicLib/Drum & Bass/1991 - Full Send.mp3,Full Send,1991,"",,Drum & Bass,3:49,F Minor,4A,174,64,96,52,49,3,9,11,3,Well Known popular song from 1991
623a1acb-def2-46f5-ae06-365c5dc3fd87,2023-08-20 19:52:13.296768+02,../MusicLib/Drum & Bass/Bou - Spook.mp3,Spook,Bou,"",,Drum & Bass,3:41,B♭ Minor,3A,175,38,99,69,90,6,47,28,8,"Awesome Jump Up DnB from Bou, really deep base"
9e85507e-3f5f-4086-98b0-bdf50a1753ee,2023-08-20 19:52:48.743858+02,../MusicLib/Drum & Bass/Chase & Status - Baddadan.mp3,Baddadan,"Chase & Status, Flowdan","",,Drum & Bass,3:19,F Major,7B,146,67,72,51,63,52,0,11,3,Hype Drum & Bass song from Chase & Status with deep vocals from Flowdan
8987d94e-e71d-4acb-8d1a-169883ec96a1,2023-08-20 19:49:15.00745+02,../MusicLib/Drum & Bass/Aktive - Higher.mp3,Higher,Aktive,"",,Drum & Bass,3:19,A♭ Major,4B,174,66,99,49,76,4,5,34,7,Uploaded from Uploader.py
3cf81520-72af-4b0e-9532-bd99f9098853,2023-08-20 19:49:32.933119+02,../MusicLib/Drum & Bass/Amplify - Mad Thing.mp3,Mad Thing,Amplify,"",,Drum & Bass,3:34,C Major,8B,155,49,95,54,66,0,0,6,6,Uploaded from Uploader.py
695d0f9f-8d63-436d-bc97-34cedbda0ff4,2023-08-20 19:49:50.963963+02,../MusicLib/Drum & Bass/Andromedik & Used - Take Me.mp3,Take Me,Andromedik & Used,"",,Drum & Bass,3:15,D Major,10B,174,66,88,54,11,2,0,13,5,Uploaded from Uploader.py
bbd49447-1967-4714-97df-ed9cfcf3fcc0,2023-08-20 19:50:27.624464+02,../MusicLib/Drum & Bass/Andromedik - Tomorrow.mp3,Tomorrow,Andromedik,"",,Drum & Bass,3:40,C# Major,3B,174,33,97,43,37,0,0,11,8,Dancefloor Drum & Bass
60b88c30-d7be-4721-8c78-222a99c114c3,2023-08-20 19:55:13.477212+02,../MusicLib/Drum & Bass/Dimension - Offender.mp3,Offender,Dimension,"",,Drum & Bass,3:43,B♭ Major,6B,174,49,100,46,27,0,80,30,10,Techno style Drum & Bass
309be631-26f9-4c14-97ef-2a7d9cf7053e,2023-08-20 19:52:31.053083+02,../MusicLib/Drum & Bass/Camo & Krooked - No Tomorrow.mp3,No Tomorrow,Camo & Krooked,"",,Drum & Bass,3:21,D Major,10B,98,51,76,65,60,8,0,11,7,Uploaded from Uploader.py
55a38b09-1927-4c03-808b-a4b10b97589a,2023-08-20 19:53:07.023854+02,../MusicLib/Drum & Bass/Chase & Status - No problem.mp3,No problem,Chase & Status,"",,Drum & Bass,3:19,F Major,7B,146,67,72,51,63,52,0,11,3,Hype song with good buildup and drop
b2e2de70-c74f-4297-abe4-cce329db67c3,2023-08-20 19:54:19.17437+02,../MusicLib/Drum & Bass/Deekline & Specimen A - All The Way Up (VIP).mp3,All The Way Up (VIP),Deekline & Specimen A,"",,Drum & Bass,3:51,F# Major,2B,175,43,89,69,24,0,0,13,15,Jungle Drum & Bass with insane synths
bf5ef67a-b470-469b-8fe8-1132d9e9f51b,2023-08-20 19:53:25.490002+02,../MusicLib/Drum & Bass/Cranium & Confusion - Crawler.mp3,Crawler,Cranium & Confusion,"",,Drum & Bass,4:50,A Minor,8A,115,38,57,57,8,1,6,11,3,Uploaded from Uploader.py
fa8c3a82-3f9b-44cc-9f77-7225d0a7b4fa,2023-08-20 19:50:09.417966+02,../MusicLib/Drum & Bass/Andromedik - First To Go.mp3,First To Go,Andromedik,"",,Drum & Bass,4:37,G Minor,6A,174,44,96,60,14,14,0,8,7,Dancefloor Drum & Bass
318f58bb-b16d-4002-9f2d-58b095b7f45f,2023-08-20 19:54:01.403785+02,../MusicLib/Drum & Bass/Danny Byrd - bad Boy (back Again).mp3,bad Boy (back Again),Danny Byrd,"",,Drum & Bass,4:54,B Major,1B,175,15,100,50,50,3,7,74,13,Uploaded from Uploader.py
71ed7a76-fa6d-45ce-ae4e-5a0349243ed2,2023-08-20 19:54:37.498394+02,../MusicLib/Drum & Bass/Dimension - DJ Turn It Up.mp3,DJ Turn It Up,Dimension,"",,Drum & Bass,2:58,C Major,8B,174,69,100,77,83,12,54,60,17,Dancefloor Drum & Bass
517d2f9d-1bbb-4996-b802-5256a2fc63c3,2023-08-20 19:53:43.200748+02,../MusicLib/Drum & Bass/Culture Shock - Recombine.mp3,Recombine,Culture Shock,"",,Drum & Bass,4:10,F# Major,2B,174,45,99,64,4,2,67,11,17,Dancefloor Drum & Bass
a3238477-3aa2-462c-95e9-785fca9a3b20,2023-08-20 19:54:55.562511+02,../MusicLib/Drum & Bass/Dimension - Offender (Grafix mix).mp3,Offender (Grafix mix),Dimension,"",,Drum & Bass,3:43,B♭ Major,6B,174,49,100,46,27,0,80,30,10,Uploaded from Uploader.py
499b7bfa-5653-484d-b129-6c9690ebdd42,2023-08-20 19:56:26.235545+02,../MusicLib/Drum & Bass/DJ Fresh - Gold Dust.mp3,Gold Dust,DJ Fresh,"",,Drum & Bass,5:26,F Major,7B,145,50,80,64,65,1,5,29,10,Well known Drum & Bass song
4aab260c-10d7-42fa-b00d-ab9878ea85c3,2023-08-20 19:55:31.72975+02,../MusicLib/Drum & Bass/Dimension - Remedy.mp3,Remedy,Dimension,"",,Drum & Bass,3:21,G Minor,6A,174,51,96,51,34,21,1,8,5,Uploaded from Uploader.py
c0ef71ff-b334-4797-b9f2-68d79fb08b46,2023-08-20 19:55:50.355328+02,../MusicLib/Drum & Bass/Dimension - UK.mp3,UK,Dimension,"",,Drum & Bass,4:26,F Minor,4A,103,39,68,51,12,40,93,23,5,Uploaded from Uploader.py
53b9699f-06a0-4e55-b8e5-96312fdb8a4d,2023-08-20 19:56:08.185042+02,../MusicLib/Drum & Bass/DJ Fresh - Gold Dust (Autodidakt Remix).mp3,Gold Dust (Autodidakt Remix),DJ Fresh,"",,Drum & Bass,5:26,F Major,7B,145,50,80,64,65,1,5,29,10,Uploaded from Uploader.py
9eb794ef-e8f6-458d-9766-efb1ca0310b2,2023-08-20 19:48:57.125587+02,../MusicLib/Drum & Bass/Acid - Go Acid!! (Used Remix).mp3,Go Acid!! (Used Remix),"Acid, Used, Joost","",,Drum & Bass,2:53,C# Major,3B,175,53,98,67,81,4,0,71,5,Song from youtuber Acid remixed by Used to create an awesome DnB track
3311964a-c856-45b3-80be-55520d5d3893,2023-08-20 19:56:44.15063+02,../MusicLib/Drum & Bass/DJ Limited - Badboy Sound.mp3,Badboy Sound,DJ Limited,"",,Drum & Bass,3:40,C Major,8B,88,15,86,72,51,3,53,7,6,Uploaded from Uploader.py
a26543cf-5da2-4f5c-900f-971cf8181efd,2023-08-20 19:57:20.858641+02,../MusicLib/Drum & Bass/Dub Elements - I Won't Let You fall.mp3,I Won't Let You fall,Dub Elements,"",,Drum & Bass,4:13,B♭ Major,6B,174,13,74,35,6,2,2,10,6,Uploaded from Uploader.py
c1b5365d-1583-4265-9d13-998e92b0e2f2,2023-08-20 19:57:39.153709+02,../MusicLib/Drum & Bass/Enta - Overkill.mp3,Overkill,Enta,"",,Drum & Bass,4:26,C# Major,3B,174,14,94,52,21,0,87,5,5,Uploaded from Uploader.py
48d84766-c0de-4695-98c2-d055c38ac1f9,2023-08-20 19:48:15.5907+02,../MusicLib/Drum & Bass/1991 - Chant.mp3,Chant,1991,"",,Drum & Bass,3:45,C Major,8B,174,51,98,51,21,2,23,15,6,Epic song from 1991 with some cool drums
4062ede4-80ee-4412-a120-1b77b51eaa49,2023-08-20 19:58:15.447302+02,../MusicLib/Drum & Bass/Fred Again - Turn On The Lights (Tsuki Bootleg).mp3,Turn On The Lights (Tsuki Bootleg),Fred Again,"",,Drum & Bass,4:28,F# Minor,11A,132,74,89,68,55,1,45,32,5,Popular song from Fred Again turned into Drum & Bass
37375a25-d774-4ca9-b1ee-f293e0c65630,2023-08-20 19:58:33.649645+02,../MusicLib/Drum & Bass/Hedex - MHITR (Semi Automatic).mp3,MHITR (Semi Automatic),Hedex,"",,Drum & Bass,2:55,B Major,1B,175,59,100,64,21,2,2,28,37,Hype Jum Up Drum & Bass song from Hedex
35d26cf3-05b3-4abc-b954-1a9f68fd2764,2023-08-20 19:58:51.411262+02,../MusicLib/Drum & Bass/Hedex - Move Your Body.mp3,Move Your Body,Hedex,"",,Drum & Bass,3:20,B♭ Major,6B,175,62,89,68,40,16,0,11,5,Hype song from Hedex with cool drop
b708daaa-e402-4dfe-8d68-2e760c3a1fb1,2023-08-20 19:59:09.099769+02,../MusicLib/Drum & Bass/Jamezy - Hit The Floor.mp3,Hit The Floor,Jamezy,"",,Drum & Bass,3:22,G Major,9B,174,42,77,74,22,5,2,11,20,Liquid style buildup with dancefloor drop
7a598a27-4418-463f-8bb6-201d74820710,2023-08-20 20:00:06.163534+02,../MusicLib/Drum & Bass/Kanine - Get Down.mp3,Get Down,Kanine,"",,Drum & Bass,3:29,F Major,7B,174,40,100,49,46,0,86,35,15,Dark Drum & Bass
c54bdfa2-72d7-4fb2-99ff-7978c5c6c7bc,2023-08-20 19:59:47.473119+02,../MusicLib/Drum & Bass/K Motionz - High Note.mp3,High Note,K Motionz,"",,Drum & Bass,3:46,F Minor,4A,174,64,98,54,32,3,0,52,22,Uploaded from Uploader.py
fa817630-f733-4579-a33c-c1b68afbce7b,2023-08-20 20:00:24.162945+02,../MusicLib/Drum & Bass/Kanine - The Shadows.mp3,The Shadows,Kanine,"",,Drum & Bass,4:25,A♭ Minor,1A,175,40,92,70,66,0,90,10,15,Dark Drum & Bass with deep baselines
cda6c52f-bf83-43bb-95ef-99422012929d,2023-08-20 20:00:42.182313+02,../MusicLib/Drum & Bass/Kanine - Want You.mp3,Want You,Kanine,"",,Drum & Bass,4:07,B♭ Minor,3A,175,56,98,55,6,0,10,11,9,Uploaded from Uploader.py
3280a45d-1163-4f42-892d-a456a41d2da9,2023-08-20 20:01:00.325811+02,../MusicLib/Drum & Bass/Macky Gee - Black Widow.mp3,Black Widow,Macky Gee,"",,Drum & Bass,4:29,F# Major,2B,88,56,96,91,97,5,29,7,5,Uploaded from Uploader.py
16980337-e988-4666-8408-2cd0c185195e,2023-08-20 20:01:18.006183+02,../MusicLib/Drum & Bass/Macky Gee - Tour.mp3,Tour,Macky Gee,"",,Drum & Bass,4:49,F Minor,4A,175,63,99,58,36,46,69,13,5,Uploaded from Uploader.py
8fd9341f-1b73-477f-bc16-62d74903c4bb,2023-08-20 20:01:35.721958+02,../MusicLib/Drum & Bass/Majistrate - Scorpions.mp3,Scorpions,Majistrate,"",,Drum & Bass,4:26,B Major,1B,175,20,98,63,20,0,90,3,6,Uploaded from Uploader.py
411f9994-fc01-48c5-8214-f3a9c31357fb,2023-08-20 20:01:53.518004+02,../MusicLib/Drum & Bass/Mat Zo - Reflections.mp3,Reflections,Mat Zo,"",,Drum & Bass,4:28,F# Major,2B,172,39,93,59,74,0,0,26,14,Uploaded from Uploader.py
851a5cac-ca09-4b8a-a888-989c2f4b6054,2023-08-20 20:02:11.633855+02,../MusicLib/Drum & Bass/Melfius & Camo & Krooked - Sientelo.mp3,Sientelo,Melfius & Camo & Krooked,"",,Drum & Bass,3:55,E Major,12B,83,65,36,53,45,48,25,9,2,Uploaded from Uploader.py
e9c87680-ab6f-4919-9713-7a750e3c815f,2023-08-20 20:02:50.855291+02,../MusicLib/Drum & Bass/Netsky - Come Alive.mp3,Come Alive,Netsky,"",,Drum & Bass,4:10,A Minor,8A,173,49,86,46,34,0,27,17,12,Uploaded from Uploader.py
d8603dfe-4b59-44c0-9db4-d20607ac83b3,2023-08-20 20:03:19.05949+02,../MusicLib/Drum & Bass/Netsky - Everyday.mp3,Everyday,Netsky,"",,Drum & Bass,4:12,D Major,10B,174,52,94,35,13,0,80,33,5,Uploaded from Uploader.py
5e6ffd9a-75be-455d-b849-9a8da0ec43da,2023-08-20 20:03:37.291584+02,../MusicLib/Drum & Bass/Netsky - Give & Take.mp3,Give & Take,Netsky,"",,Drum & Bass,4:12,A♭ Minor,1A,88,41,84,53,52,1,0,45,5,Uploaded from Uploader.py
8afdf58e-99f5-4a40-9196-3961d6904131,2023-08-20 20:03:55.328825+02,../MusicLib/Drum & Bass/Netsky - Love Has Gone.mp3,Love Has Gone,Netsky,"",,Drum & Bass,4:11,C# Minor,12A,173,45,92,38,24,0,38,21,4,Uploaded from Uploader.py
eb360efb-a3f9-4218-928c-9f051ed23846,2023-08-20 20:04:13.227446+02,../MusicLib/Drum & Bass/Netsky - Memory Lane.mp3,Memory Lane,Netsky,"",,Drum & Bass,5:36,C# Minor,12A,175,42,88,54,23,0,43,12,4,Uploaded from Uploader.py
4a20ce26-721d-4492-8cdc-79d293cd4697,2023-08-20 20:04:36.594801+02,../MusicLib/Drum & Bass/Netsky - Running Low.mp3,Running Low,Netsky,"",,Drum & Bass,3:25,F# Minor,11A,173,37,82,23,30,1,0,8,7,Uploaded from Uploader.py
6e31301f-a402-4d61-bbf5-851e127b2524,2023-08-20 20:04:58.744872+02,../MusicLib/Drum & Bass/Netsky - We Can Only Live Today.mp3,We Can Only Live Today,Netsky,"",,Drum & Bass,3:24,C Major,8B,128,43,80,67,81,8,0,15,9,Uploaded from Uploader.py
87463f14-f118-418d-80d3-0f35edcf1b5a,2023-08-20 20:05:16.797247+02,../MusicLib/Drum & Bass/NLMT - Alone.mp3,Alone,NLMT,"",,Drum & Bass,3:49,F Minor,4A,174,16,92,55,4,3,47,13,26,Uploaded from Uploader.py
f5410113-3397-4ffe-9827-8f77d52252f2,2023-08-20 20:05:34.810046+02,../MusicLib/Drum & Bass/Noisia & The Upbeats - Dead Limit.mp3,Dead Limit,Noisia & The Upbeats,"",,Drum & Bass,2:47,A Major,11B,172,65,67,49,6,1,0,10,23,Uploaded from Uploader.py
2c7f4fc8-d30f-4e88-a65c-2101eb6ae751,2023-08-20 20:05:52.660782+02,../MusicLib/Drum & Bass/Noisia - Into Dust.mp3,Into Dust,Noisia,"",,Drum & Bass,4:20,A♭ Major,4B,172,27,83,28,10,0,93,11,12,Uploaded from Uploader.py
7315e635-12cf-43ba-8b26-c698f4aab6d2,2023-08-20 20:06:29.542408+02,../MusicLib/Drum & Bass/Protostar - Galaxies.mp3,Galaxies,Protostar,"",,Drum & Bass,4:05,C# Major,3B,176,48,91,43,30,0,55,11,4,Uploaded from Uploader.py
2f4e6887-aa8d-453d-a4f9-780b8593c6c5,2023-08-20 20:06:47.610493+02,../MusicLib/Drum & Bass/Rameses B - Children.mp3,Children,Rameses B,"",,Drum & Bass,3:24,C# Major,3B,174,52,94,47,24,0,93,15,4,Uploaded from Uploader.py
3256add1-7a40-484a-91c9-7858e9730dba,2023-08-20 20:07:41.795777+02,../MusicLib/Drum & Bass/Rituals - Millbrook.mp3,Millbrook,Rituals,"",,Drum & Bass,4:47,D Major,10B,174,44,95,62,38,1,85,27,5,Uploaded from Uploader.py
c73d4c66-a983-4fe7-8195-e30de1e8f5c2,2023-08-20 20:08:01.490701+02,../MusicLib/Drum & Bass/Sammy Virji - Never Let You Go (Gino Remix).mp3,Never Let You Go (Gino Remix),Sammy Virji,"",,Drum & Bass,1:54,D Major,10B,65,65,0,41,29,100,95,10,5,Uploaded from Uploader.py
788c9e28-1247-46ca-bf12-7f5a4294d28a,2023-08-20 19:57:56.978641+02,../MusicLib/Drum & Bass/Fisher - Losing It (The Prototypes Bootleg).mp3,Losing It (The Prototypes Bootleg),Fisher,"",,Drum & Bass,4:08,D Major,10B,125,76,96,76,64,0,70,10,6,Popular House song turned into Drum & Bass
8152b577-6ca5-42cd-b964-1d9d1b294b4e,2023-08-20 20:08:19.403546+02,../MusicLib/Drum & Bass/Selecta J-Man - Couple Guinness.mp3,Couple Guinness,Selecta J-Man,"",,Drum & Bass,4:31,F Major,7B,88,49,93,90,67,2,0,11,25,Uploaded from Uploader.py
820eb39a-c176-40e9-a334-8f7ef956c7e0,2023-08-20 20:08:39.02233+02,../MusicLib/Drum & Bass/ShockOne - Follow Me.mp3,Follow Me,ShockOne,"",,Drum & Bass,4:25,C# Major,3B,175,40,96,52,56,0,2,64,9,Uploaded from Uploader.py
883bd119-76d7-4a28-acad-49e9ffb27915,2023-08-20 20:08:57.422187+02,../MusicLib/Drum & Bass/Sigma & Shakka - Rest Of My Life.mp3,Rest Of My Life,Sigma & Shakka,"",,Drum & Bass,1:14,C# Major,3B,104,67,62,92,85,61,97,32,12,Uploaded from Uploader.py
1ad54da8-cf6c-4a60-868c-63037b817a8b,2023-08-20 20:09:15.586714+02,../MusicLib/Drum & Bass/Sota - Wait For Me.mp3,Wait For Me,Sota,"",,Drum & Bass,2:51,F# Minor,11A,174,46,97,51,39,0,0,19,18,Uploaded from Uploader.py
a0cd6988-43fe-4e39-8ba9-c917330580b9,2023-08-20 20:09:52.410356+02,../MusicLib/Drum & Bass/Sub Focus & Dimension - Desire.mp3,Desire,Sub Focus & Dimension,"",,Drum & Bass,3:25,A♭ Minor,1A,174,68,97,49,45,5,66,19,6,Uploaded from Uploader.py
3e6b3e61-457c-41f8-92c3-1411bcf22568,2023-08-20 20:10:10.465803+02,../MusicLib/Drum & Bass/Sub Focus - Alarm.mp3,Alarm,Sub Focus,"",,Drum & Bass,3:07,F Major,7B,174,52,96,64,22,8,43,44,6,Uploaded from Uploader.py
bd28eac0-2a69-4feb-b644-c403d9459551,2023-08-20 20:10:28.40873+02,../MusicLib/Drum & Bass/Sub Focus - Fine Day.mp3,Fine Day,Sub Focus,"",,Drum & Bass,3:53,F Major,7B,174,57,94,41,10,2,0,13,3,Uploaded from Uploader.py
8b5b6e8b-5dc5-4a73-9268-7b5cf3d37eb9,2023-08-20 20:10:47.11201+02,../MusicLib/Drum & Bass/Sub Focus - Off The Ground.mp3,Off The Ground,Sub Focus,"",,Drum & Bass,4:03,C Minor,5A,174,64,79,58,4,3,11,12,4,Uploaded from Uploader.py
72186678-c880-4f25-b5fe-a452b2091c42,2023-08-20 20:11:04.920623+02,../MusicLib/Drum & Bass/Sub Focus - Rock It (Wilkinson Remix).mp3,Rock It (Wilkinson Remix),Sub Focus,"",,Drum & Bass,4:33,F Minor,4A,174,51,99,45,40,2,93,11,9,Uploaded from Uploader.py
c6aca6f6-7f27-4165-8ffb-3b10098c04bc,2023-08-20 20:11:23.229279+02,../MusicLib/Drum & Bass/Sub Focus - Solar System.mp3,Solar System,Sub Focus,"",,Drum & Bass,4:48,F Minor,4A,174,66,94,54,30,4,44,63,5,Uploaded from Uploader.py
171120ee-360e-438a-8de0-fdae8ad665c0,2023-08-20 20:11:41.3869+02,../MusicLib/Drum & Bass/Sub Focus - Vibration.mp3,Vibration,Sub Focus,"",,Drum & Bass,4:03,C Minor,5A,174,64,96,52,12,33,3,14,4,Uploaded from Uploader.py
e2de7a7e-680c-4fbc-ad5e-03d88a71e621,2023-08-20 20:11:59.891294+02,../MusicLib/Drum & Bass/Subsonic - Last Time.mp3,Last Time,Subsonic,"",,Drum & Bass,3:21,B♭ Major,6B,174,59,99,53,68,1,65,47,12,Uploaded from Uploader.py
2b98b4be-3c73-41ec-a03f-0870c5aed9c1,2023-08-20 20:12:17.921585+02,../MusicLib/Drum & Bass/Tantrum Desire - Unleashed.mp3,Unleashed,Tantrum Desire,"",,Drum & Bass,4:22,D Major,10B,174,42,96,59,11,0,78,10,8,Uploaded from Uploader.py
cb8fe599-bd61-4236-abce-773a70b5db06,2023-08-20 20:12:55.064472+02,../MusicLib/Drum & Bass/The Prodigy - Firestarter (Andy C Remix).mp3,Firestarter (Andy C Remix),The Prodigy,"",,Drum & Bass,3:53,F# Minor,11A,174,47,98,44,34,0,91,12,22,Uploaded from Uploader.py
ed46197b-29a0-410f-8e42-adbc3b6fef0c,2023-08-20 20:13:13.086913+02,../MusicLib/Drum & Bass/The Prodigy - Voodoo People (Pendulum Remix).mp3,Voodoo People (Pendulum Remix),The Prodigy,"",,Drum & Bass,5:08,C# Major,3B,174,56,96,44,53,0,88,19,7,Uploaded from Uploader.py
24f2d353-61ac-4ced-9117-d69c47b4dbfb,2023-08-20 20:13:31.171122+02,../MusicLib/Drum & Bass/UK Apashe & Shy FX - Original Nuttah (Benny L Remix).mp3,Original Nuttah (Benny L Remix),UK Apashe & Shy FX,"",,Drum & Bass,3:43,B♭ Minor,3A,115,60,89,43,17,3,0,10,8,Uploaded from Uploader.py
21822f12-7aa0-4ee6-a113-e15743fab77c,2023-08-20 20:14:06.773452+02,../MusicLib/Drum & Bass/Used - Mistakes.mp3,Mistakes,Used,"",,Drum & Bass,4:45,G Major,9B,175,54,87,84,74,28,0,13,15,Uploaded from Uploader.py
b8e389e7-17c4-4eb8-b277-4aa967bb5cff,2023-08-20 21:35:17.824141+02,"../MusicLib/Dubstep/Skrillex, PEEKABOO, Flowdan - BADDERS.mp3",BADDERS,"Skrillex, PEEKABOO, Flowdan","",,Dubstep,2:47,A♭ Major,4B,73,61,82,75,29,1,3,55,22,"Some deep, UK dubstep with Flowdan rap"
43fa8ddd-6c3f-4bce-81e4-31c999ad5d83,2023-08-20 21:42:51.251807+02,../MusicLib/House/Jess Bays - Temptation.mp3,Temptation,Jess Bays,"",,House,2:52,E♭ Minor,2A,125,67,70,74,82,2,0,14,5,House with some UK dance mixed in
0af1e6e8-272a-44ec-85db-5dc02dd9fc7e,2023-08-23 11:36:13.941713+02,../MusicLib/Bassline/Central Cee - Doja (Soulsecta Dub).mp3,Doja (Soulsecta Dub),Central Cee,"",,Bassline,2:40,C# Minor,12A,108,53,54,97,37,0,0,11,23,Uploaded from Uploader.py
03d8f7fa-5f84-4355-9b54-58af615e85ff,2023-08-23 11:36:33.759353+02,"../MusicLib/Bassline/Holy Goof, Sammy Virji - Never.mp3",Never,"Holy Goof, Sammy Virji","",,Bassline,3:12,B♭ Minor,3A,130,34,84,68,60,3,5,33,4,Uploaded from Uploader.py
9980dec9-2843-48a5-8b05-ce9c82bd3249,2023-08-23 11:36:50.899219+02,../MusicLib/Bassline/Ill Phil & Lorenzo - Jump A Fckkin Round.mp3,Jump A Fckkin Round,Ill Phil & Lorenzo,"",,Bassline,6:00,C Major,8B,124,20,81,82,72,2,16,5,6,Uploaded from Uploader.py
52530fe6-cc0a-4511-adc5-f8d3852cc482,2023-08-23 11:37:08.85238+02,../MusicLib/Bassline/jamie Duggan - Chimes.mp3,Chimes,jamie Duggan,"",,Bassline,3:05,E Minor,9A,135,7,60,84,56,1,70,5,11,Uploaded from Uploader.py
e03b4892-941e-4da5-95aa-836ae226a112,2023-08-23 11:37:27.749216+02,../MusicLib/Bassline/Mikey B - Hold Me Close.mp3,Hold Me Close,Mikey B,"",,Bassline,4:23,E Minor,9A,134,19,95,78,72,26,0,38,18,Uploaded from Uploader.py
c2f40ab5-4455-4560-b0a9-6dfc4d852393,2023-08-23 11:37:46.069537+02,../MusicLib/Bassline/NLMT - Misdemeanours.mp3,Misdemeanours,NLMT,"",,Bassline,3:55,E♭ Minor,2A,135,9,88,73,70,0,23,11,6,Uploaded from Uploader.py
20b6b9b6-bb0a-4962-aa64-1c6cabf95a83,2023-08-23 11:38:07.288653+02,../MusicLib/Bassline/Sammy Virji - Allright.mp3,Allright,Sammy Virji,"",,Bassline,4:37,C Minor,5A,130,42,66,75,64,0,20,26,12,Uploaded from Uploader.py
bfc8e0df-567a-43e6-b1d9-b7b882daaaa6,2023-08-23 11:39:07.801225+02,../MusicLib/Bassline/Sammy Virji - One More Chance.mp3,One More Chance,Sammy Virji,"",,Bassline,5:14,C# Major,3B,130,24,57,74,56,4,0,10,25,Uploaded from Uploader.py
1cfc14c7-878e-48ef-be54-65afc16b4af8,2023-08-23 11:39:24.692361+02,../MusicLib/Bassline/Sammy Virji - Show Me.mp3,Show Me,Sammy Virji,"",,Bassline,4:32,E Major,12B,134,42,86,82,61,12,17,15,25,Uploaded from Uploader.py
3c6c6ac6-0c80-4df2-9bb4-31623156e439,2023-08-23 11:39:42.106858+02,../MusicLib/Bassline/Shaun Dean - Shut You Down.mp3,Shut You Down,Shaun Dean,"",,Bassline,2:49,G Major,9B,130,53,63,83,66,7,3,32,4,Uploaded from Uploader.py
1bded26d-59f8-42e4-b21c-d7fffa22918e,2023-08-23 11:39:59.103027+02,../MusicLib/Bassline/Stormzy - Wiley Flow (Phiney Bassline Mix).mp3,Wiley Flow (Phiney Bassline Mix),Stormzy,"",,Bassline,3:27,F Minor,4A,140,64,68,72,48,24,0,20,31,Uploaded from Uploader.py
5d9e3ea6-edd3-4e9b-b3b6-ef119b224419,2023-08-23 11:40:20.760391+02,../MusicLib/Bassline/TS7 - Motion Shift.mp3,Motion Shift,TS7,"",,Bassline,5:07,B♭ Minor,3A,133,37,77,82,60,0,85,6,5,Uploaded from Uploader.py
b50a5152-110b-459e-9825-8e6c73d6eaf4,2023-08-23 11:40:38.815784+02,../MusicLib/Bassline/Zero - Pay For Thrills.mp3,Pay For Thrills,Zero,"",,Bassline,2:06,B Major,1B,127,33,97,71,14,0,0,31,10,Uploaded from Uploader.py
37a72bf7-b6ff-4c58-b9e3-41162f8890da,2023-08-23 11:40:55.889747+02,../MusicLib/Disco/Bee Gees - Stayin' Alive.mp3,Stayin' Alive,Bee Gees,"",,Disco,4:45,B♭ Minor,3A,104,77,77,70,95,3,1,15,3,Uploaded from Uploader.py
45dc42e4-892a-4786-9437-619ec5f4937d,2023-08-23 11:41:13.773775+02,../MusicLib/Disco/Boney M - Daddy Cool.mp3,Daddy Cool,Boney M,"",,Disco,3:29,F Minor,4A,124,75,78,76,93,28,79,13,4,Uploaded from Uploader.py
b3443526-1106-489b-9e50-9d5dce4d0bfc,2023-08-23 11:41:31.198022+02,../MusicLib/Disco/Carl Douglas - Kungfu Fighting.mp3,Kungfu Fighting,Carl Douglas,"",,Disco,3:18,D Major,10B,102,69,67,60,59,4,0,29,7,Uploaded from Uploader.py
9b247cf6-847b-4daa-8451-7baccb517ea7,2023-08-23 11:41:48.196199+02,../MusicLib/Disco/Dead Or Alive - You Spin Me Round (Like a Record).mp3,You Spin Me Round (Like a Record),Dead Or Alive,"",,Disco,3:15,F# Minor,11A,128,76,96,55,92,0,7,43,4,Uploaded from Uploader.py
08d7201e-9c9f-480d-beb9-96741c0a2426,2023-08-23 11:42:05.17382+02,../MusicLib/Disco/Donna Summer - Hot Stuff.mp3,Hot Stuff,Donna Summer,"",,Disco,5:15,C Major,8B,120,70,74,82,97,1,3,7,3,Uploaded from Uploader.py
aacc7eda-4f71-4fb9-b7bc-c747905d9476,2023-08-23 11:42:22.178875+02,"../MusicLib/Disco/Earth, Wind & Fire - Boogie Wonderland.mp3",Boogie Wonderland,"Earth, Wind & Fire","",,Disco,3:36,A Major,11B,126,83,83,67,98,15,0,14,3,Uploaded from Uploader.py
037ee9c6-f2da-4b6c-a30d-8bc8143c1079,2023-08-23 11:42:38.863053+02,"../MusicLib/Disco/Earth, Wind & Fire - Let''s Groove.mp3",Let's Groove,"Earth, Wind & Fire","",,Disco,3:36,A Major,11B,126,83,83,67,98,15,0,14,3,Uploaded from Uploader.py
3261a062-e802-4e51-b8b3-8f60b0f98887,2023-08-23 11:43:04.907262+02,../MusicLib/Disco/Elton John - I'm Still Standing.mp3,I'm Still Standing,Elton John,"",,Disco,3:03,F# Major,2B,177,88,90,50,77,36,12,14,18,Uploaded from Uploader.py
cf9fe368-0cf3-4576-840c-894cee1d2fe2,2023-08-23 11:43:21.920414+02,../MusicLib/Disco/The Pointer Sisters - I'm So Excited.mp3,I'm So Excited,The Pointer Sisters,"",,Disco,3:51,F Minor,4A,184,76,87,59,80,10,0,44,5,Uploaded from Uploader.py
6c92ab2b-8126-4cfa-a2e3-04060bddc1ff,2023-08-23 11:43:39.207511+02,../MusicLib/Disco/The Weather Girls - It's Raining Men.mp3,It's Raining Men,The Weather Girls,"",,Disco,5:25,C# Major,3B,137,63,74,69,56,3,60,45,6,Uploaded from Uploader.py
6285f257-d198-4c7e-b6b2-d82717ca28e8,2023-08-23 11:44:01.955054+02,../MusicLib/Disco/Village People - YMCA.mp3,YMCA,Village People,"",,Disco,4:45,F# Major,2B,127,50,95,72,67,15,0,30,13,Uploaded from Uploader.py
f05adc56-d306-4ab7-b72d-9cafcef9e002,2023-08-23 11:44:18.869137+02,../MusicLib/Dubstep/Apashe - Green Crack.mp3,Green Crack,Apashe,"",,Dubstep,3:44,C# Minor,12A,147,40,89,72,14,1,2,9,11,Uploaded from Uploader.py
654d6788-4a52-4c0b-807c-04d672db032d,2023-08-23 11:44:39.998825+02,../MusicLib/Dubstep/Barely Alive - Crash Landing.mp3,Crash Landing,Barely Alive,"",,Dubstep,3:13,D Major,10B,140,39,94,56,26,0,0,47,10,Uploaded from Uploader.py
b6e9cebe-4334-40f3-ac58-7f150f67ff3b,2023-08-23 11:44:58.990083+02,../MusicLib/Dubstep/Blanke - Death Rattle.mp3,Death Rattle,Blanke,"",,Dubstep,3:30,F# Major,2B,174,48,95,68,15,0,46,23,17,Uploaded from Uploader.py
8521e2c8-e8da-41dc-928d-5b1bd7a96b90,2023-08-23 11:45:16.638735+02,"../MusicLib/Dubstep/Eptic, HOL! - Detonate.mp3",Detonate,"Eptic, HOL!","",,Dubstep,4:03,C# Major,3B,145,38,86,64,20,2,0,43,22,Uploaded from Uploader.py
2dc9b9b3-fe15-4f0e-a7ed-adfaa1c428d9,2023-08-23 11:45:34.099223+02,../MusicLib/Dubstep/Jessica Audiffred - Maximum Bass.mp3,Maximum Bass,Jessica Audiffred,"",,Dubstep,3:34,C# Major,3B,150,26,97,45,34,0,58,70,41,Uploaded from Uploader.py
f1ba2dbc-1e11-4503-ad12-6d21b536ddf8,2023-08-23 11:45:52.796067+02,../MusicLib/Dubstep/Jessica Audiffred - Nindo.mp3,Nindo,Jessica Audiffred,"",,Dubstep,3:06,A Major,11B,150,36,99,35,12,1,2,18,38,Uploaded from Uploader.py
8a49757a-1e3e-44e6-bcd0-0a0aea4657e8,2023-08-23 11:46:10.360038+02,../MusicLib/Dubstep/Jessica Audiffred - NO FEAR.mp3,NO FEAR,Jessica Audiffred,"",,Dubstep,2:54,B♭ Minor,3A,150,51,99,51,26,0,81,10,6,Uploaded from Uploader.py
483319c8-80a6-460b-a358-9ecefe948ae0,2023-08-23 11:46:28.340387+02,../MusicLib/Dubstep/K-NINE - BLOCK.mp3,BLOCK,K-NINE,"",,Dubstep,2:34,D Major,10B,145,44,89,69,7,0,68,11,4,Uploaded from Uploader.py
7e7f480e-8fd8-4493-a2c1-df0891105396,2023-08-23 11:46:49.047931+02,../MusicLib/Dubstep/Kendrick Lamar - Humble (Duckworthsound Bootleg).mp3,Humble (Duckworthsound Bootleg),Kendrick Lamar,"",,Dubstep,3:12,F Major,7B,80,63,61,55,37,17,0,27,44,Uploaded from Uploader.py
a33d91fc-5817-4abe-92e7-09c2c7fc0035,2023-08-23 11:47:07.122216+02,../MusicLib/Dubstep/Radeye - Loca DEN.mp3,Loca DEN,Radeye,"",,Dubstep,3:26,C# Minor,12A,150,1,97,70,48,3,64,9,19,Uploaded from Uploader.py
8b7c718f-4a01-4f5b-b1ab-bcdb2c0e39c4,2023-08-23 11:47:24.592189+02,../MusicLib/Dubstep/Ray Volpe - Elbow Grease.mp3,Elbow Grease,Ray Volpe,"",,Dubstep,3:34,C# Major,3B,150,41,99,59,42,0,69,17,7,Uploaded from Uploader.py
61d229d5-f9e6-4977-b82b-bd3542276f46,2023-08-23 11:47:43.542301+02,../MusicLib/Dubstep/Skrillex  - Breakin' A Sweat.mp3,Breakin' A Sweat,Skrillex ,"",,Dubstep,4:55,B Minor,10A,140,0,54,83,47,1,84,13,6,Uploaded from Uploader.py
6566e58f-62d3-45c6-99bb-47dc6090183c,2023-08-23 11:48:00.415861+02,../MusicLib/Dubstep/Skrillex - All is Fair In Love And Brostep.mp3,All is Fair In Love And Brostep,Skrillex,"",,Dubstep,4:09,B Major,1B,140,54,93,58,27,0,0,41,15,Uploaded from Uploader.py
26a74c12-4b79-4040-a0bb-b447260fbae8,2023-08-23 11:48:17.296203+02,../MusicLib/Dubstep/Skrillex - Bangarang.mp3,Bangarang,Skrillex,"",,Dubstep,3:35,G Major,9B,110,74,97,72,58,1,0,32,20,Uploaded from Uploader.py
e57ac6cf-fd2d-4feb-8c77-6faed6e9dd9e,2023-08-23 11:48:34.167296+02,../MusicLib/Dubstep/Skrillex - Breakin' A Sweat (Zedd Remix).mp3,Breakin' A Sweat (Zedd Remix),Skrillex,"",,Dubstep,5:31,E Minor,9A,130,50,95,58,42,1,17,28,6,Uploaded from Uploader.py
2b4573d8-742b-45fd-87b9-39ed842729fd,2023-08-23 11:49:07.825885+02,../MusicLib/Dubstep/Skrillex - Goin' In (Goin' Hard).mp3,Goin' In (Goin' Hard),Skrillex,"",,Dubstep,4:00,G Major,9B,174,40,93,69,59,1,0,47,16,Uploaded from Uploader.py
212b86b6-18b9-4201-ae20-1c031fc10e76,2023-08-23 11:49:30.021001+02,../MusicLib/Dubstep/Skrillex - In For The Kill.mp3,In For The Kill,Skrillex,"",,Dubstep,5:11,A♭ Minor,1A,145,48,69,49,49,6,0,35,9,Uploaded from Uploader.py
6cc671af-ff17-4612-af41-b3e2fd25f55c,2023-08-23 11:50:33.180371+02,../MusicLib/Dubstep/Skrillex - Mumbai Power.mp3,Mumbai Power,Skrillex,"",,Dubstep,2:39,A♭ Major,4B,140,55,93,75,47,0,28,25,5,Uploaded from Uploader.py
a31fc1fc-4dca-4ccd-bb4b-88142579d742,2023-08-23 11:50:49.983863+02,../MusicLib/Dubstep/Skrillex - Neoprene.mp3,Neoprene,Skrillex,"",,Dubstep,2:07,A Major,11B,124,73,60,89,50,1,0,8,14,Uploaded from Uploader.py
57cdbc3a-473b-4d0e-a4fa-671524bffb24,2023-08-23 11:51:08.338143+02,../MusicLib/Dubstep/Skrillex - Right In.mp3,Right In,Skrillex,"",,Dubstep,3:00,D Major,10B,140,53,80,64,34,1,0,6,17,Uploaded from Uploader.py
080b6713-0a8d-45e4-91e8-79f5de3f56f6,2023-08-23 11:51:25.59329+02,../MusicLib/Dubstep/Skrillex - Scary Monsters And Nice Sprites (ACREAZE Flip Jersey Club Mix).mp3,Scary Monsters And Nice Sprites (ACREAZE Flip Jersey Club Mix),Skrillex,"",,Dubstep,4:03,G Minor,6A,140,61,94,52,32,0,56,12,8,Uploaded from Uploader.py
bedd0f0d-0272-4e77-959e-0940ed9864f2,2023-08-23 11:51:45.104809+02,../MusicLib/Dubstep/Skrillex - The Devils Den.mp3,The Devils Den,Skrillex,"",,Dubstep,4:53,C# Major,3B,128,52,95,62,32,0,8,36,7,Uploaded from Uploader.py
596747cb-905c-4cb1-9980-e2dca3d27e91,2023-08-23 11:52:02.91293+02,../MusicLib/Dubstep/Skrillex - XENA.mp3,XENA,Skrillex,"",,Dubstep,4:12,C# Major,3B,145,56,94,67,33,0,28,35,6,Uploaded from Uploader.py
1dfad579-120d-46b5-8143-750b26253405,2023-08-23 11:52:19.751387+02,../MusicLib/Dubstep/Yogi - Burial (Skrillex & G-Buck Edit).mp3,Burial (Skrillex & G-Buck Edit),Yogi,"",,Dubstep,3:28,A Minor,8A,150,42,99,74,40,7,0,46,33,Uploaded from Uploader.py
72c47884-ce91-4ea5-ab38-6bde33bc9a4d,2023-08-23 11:52:36.928242+02,../MusicLib/Dubstep/Yogi - Burial (Skrillex Remix).mp3,Burial (Skrillex Remix),Yogi,"",,Dubstep,3:28,A Minor,8A,150,42,99,74,40,7,0,46,33,Uploaded from Uploader.py
370924bf-e79a-4edd-b73a-044d2a298699,2023-08-23 11:52:54.285784+02,../MusicLib/Dubstep/Zomboy - Nuclear (Album Version).mp3,Nuclear (Album Version),Zomboy,"",,Dubstep,6:19,F# Minor,11A,174,39,98,48,34,1,0,69,17,Uploaded from Uploader.py
784e34a5-1681-481f-ab2d-c2e091a7c67d,2023-08-23 11:53:11.317071+02,../MusicLib/Dubstep/Zomboy - Terror Squad.mp3,Terror Squad,Zomboy,"",,Dubstep,4:17,C# Major,3B,140,38,98,63,57,0,4,84,10,Uploaded from Uploader.py
301c0fd6-f429-4b39-b4ac-ce64f6ccb4a2,2023-08-23 11:53:28.717934+02,../MusicLib/House/ACRAZE - Do It To It.mp3,Do It To It,ACRAZE,"",,House,2:38,B Minor,10A,125,83,81,85,64,2,5,7,9,Uploaded from Uploader.py
70ed8ee8-4dda-4d3a-9de0-f05d37d719c5,2023-08-23 11:53:48.850921+02,../MusicLib/House/Armand Van Helden - Wings.mp3,Wings,Armand Van Helden,"",,House,2:52,C# Minor,12A,126,69,86,69,96,7,0,15,4,Uploaded from Uploader.py
d9a2c91e-cd8d-45e9-adbf-8b22cd3845fe,2023-08-23 11:54:12.797251+02,../MusicLib/House/Axwell - Nobody Else.mp3,Nobody Else,Axwell,"",,House,3:10,C# Major,3B,123,47,69,87,77,0,1,17,8,Uploaded from Uploader.py
ecb6ec6c-ea96-4ca9-a7a3-0d913188948e,2023-08-23 11:54:29.978138+02,../MusicLib/House/Black V Neck - Like Whoa.mp3,Like Whoa,Black V Neck,"",,House,3:07,F# Major,2B,126,60,89,77,75,0,87,9,6,Uploaded from Uploader.py
91118423-cec2-49a3-bccf-d710a7cb907a,2023-08-23 11:54:49.601743+02,../MusicLib/House/Cheke - Gian Varela (dEVOLVE Remix).mp3,Gian Varela (dEVOLVE Remix),Cheke,"",,House,2:50,B♭ Minor,3A,126,19,93,73,87,2,0,6,5,Uploaded from Uploader.py
27df4049-34f1-42f2-9c19-032b56f5357d,2023-08-23 11:55:07.643084+02,../MusicLib/House/Daft Punk - One More Time (Club Edit).mp3,One More Time (Club Edit),Daft Punk,"",,House,5:20,D Major,10B,123,80,70,61,48,2,0,33,13,Uploaded from Uploader.py
b95a0581-c592-4247-b22b-621d81e42b54,2023-08-23 11:55:25.249191+02,../MusicLib/House/David Guetta - Family Affair (Dance For Me).mp3,Family Affair (Dance For Me),David Guetta,"",,House,2:38,B Minor,10A,124,73,73,87,34,8,0,11,5,Uploaded from Uploader.py
2405a2c6-fb48-4241-8591-942c419a0244,2023-08-23 11:55:43.8846+02,../MusicLib/House/Dombresky - Soul Sacrifice.mp3,Soul Sacrifice,Dombresky,"",,House,3:52,A Major,11B,126,52,93,85,86,1,49,8,4,Uploaded from Uploader.py
e1c3d7ac-101d-4c93-b6c0-c69a44dfb546,2023-08-23 11:56:01.628221+02,../MusicLib/House/Example - All Night.mp3,All Night,Example,"",,House,2:31,B Minor,10A,124,56,80,79,90,26,0,4,5,Uploaded from Uploader.py
08fdcd5d-af04-4e0e-951d-c434e4ca8ebf,2023-08-23 11:56:20.373523+02,../MusicLib/House/FISHER - Losing It.mp3,Losing It,FISHER,"",,House,4:08,D Major,10B,125,76,96,76,64,0,70,10,6,Uploaded from Uploader.py
78d4b92b-6105-4b49-9c2d-8f1922a5992a,2023-08-23 11:56:38.819517+02,../MusicLib/House/Fourword - Snake Charmer.mp3,Snake Charmer,Fourword,"",,House,3:37,F# Major,2B,126,43,94,67,38,4,84,60,5,Uploaded from Uploader.py
ff087018-39b2-471c-8bea-afd201f8e3ec,2023-08-23 11:56:55.952259+02,../MusicLib/House/Imanbek - Belly Dancer.mp3,Belly Dancer,Imanbek,"",,House,2:31,C# Major,3B,122,84,80,85,42,6,0,17,14,Uploaded from Uploader.py
7028d275-fdba-4828-8c36-d89490c463bc,2023-08-23 11:57:14.516786+02,../MusicLib/House/James Hype  - Lose Control.mp3,Lose Control,James Hype ,"",,House,2:53,A Major,11B,128,71,94,71,24,3,2,24,4,Uploaded from Uploader.py
d285049a-dda8-4336-9033-5324e1c99b12,2023-08-23 11:57:31.709731+02,../MusicLib/House/james Hype - Piece Of Your Heart.mp3,Piece Of Your Heart,james Hype,"",,House,3:50,F Minor,4A,125,56,79,75,77,1,0,3,5,Uploaded from Uploader.py
39f3cd71-a5b4-4135-aa7c-4af70102799f,2023-08-23 11:48:51.002716+02,../MusicLib/Dubstep/Skrillex - Chicken Soup.mp3,Chicken Soup,"Skrillex, Habstract","",,Dubstep,3:27,B Major,1B,126,55,82,82,47,0,5,60,13,Uploaded from Uploader.py
7083fcf9-07e5-41ae-8955-52fc941d3495,2023-08-23 11:57:48.884677+02,../MusicLib/House/John Summit - Deep End.mp3,Deep End,John Summit,"",,House,3:17,B Minor,10A,126,59,67,76,42,12,1,48,8,Uploaded from Uploader.py
cdda6c15-a8f9-4a95-9c5f-4a72b351122d,2023-08-23 11:58:06.027146+02,../MusicLib/House/Marshal Jefferson - Move Your Body.mp3,Move Your Body,Marshal Jefferson,"",,House,3:16,E Minor,9A,125,66,80,79,61,1,19,51,7,Uploaded from Uploader.py
e9256e93-e613-48ff-9464-79dfbfc793a7,2023-08-23 11:58:23.529915+02,../MusicLib/House/Salvatore Ganacci - Interest in Sport.mp3,Interest in Sport,Salvatore Ganacci,Interest in Sport,,House,3:55,B Minor,10A,124,40,95,85,91,2,75,10,5,Uploaded from Uploader.py
b5d6b249-2bc8-42e1-a41f-37a59ebcf121,2023-08-23 11:58:49.913452+02,../MusicLib/House/Salvatore Ganacci - Let You Do This.mp3,Let You Do This,Salvatore Ganacci,"",,House,3:22,G Minor,6A,124,57,71,75,33,6,17,8,7,Uploaded from Uploader.py
96222f5f-d9c5-426a-9f5b-a5e74dbb7431,2023-08-23 11:59:07.446184+02,../MusicLib/House/Salvatore Ganacci - Step-Grandma.mp3,Step-Grandma,Salvatore Ganacci,"",,House,2:41,B♭ Minor,3A,121,57,88,80,73,3,51,6,6,Uploaded from Uploader.py
1438100c-524f-4511-bf56-a55fb38bfb79,2023-08-23 11:59:29.021013+02,../MusicLib/House/Salvatore Ganacci - Take Me To America.mp3,Take Me To America,Salvatore Ganacci,"",,House,3:51,G Major,9B,135,57,89,79,95,0,68,22,3,Uploaded from Uploader.py
ec9a3217-d2a9-4fd8-ab9f-809979054855,2023-08-23 11:59:48.666702+02,../MusicLib/House/Salvatore Ganacci - The Concert.mp3,The Concert,Salvatore Ganacci,"",,House,3:11,E Minor,9A,122,36,76,91,94,25,72,18,19,Uploaded from Uploader.py
5efb5e92-af69-4208-952b-fee4e1689582,2023-08-23 12:00:12.579827+02,../MusicLib/House/Salvatore Ganacci - Your Mother.mp3,Your Mother,Salvatore Ganacci,"",,House,3:15,F Minor,4A,140,58,92,68,70,0,32,4,4,Uploaded from Uploader.py
2644925a-3588-449e-89fc-950d5ce9e764,2023-08-23 12:00:31.909656+02,"../MusicLib/House/Skrillex, J Balvin - In Da Ghetto (Keys x YuB x Fraxz x Cants Flip).mp3",In Da Ghetto (Keys x YuB x Fraxz x Cants Flip),"Skrillex, J Balvin","",,House,2:11,A♭ Major,4B,127,75,72,92,63,3,0,9,5,Uploaded from Uploader.py
7e56898e-cadf-460a-a1dd-381054e8d58f,2023-08-23 12:00:49.562878+02,../MusicLib/House/Technotronic - Pump Up The Jam (Techno House Mix).mp3,Pump Up The Jam (Techno House Mix),Technotronic,"",,House,5:20,B♭ Minor,3A,125,72,84,89,72,1,0,5,7,Uploaded from Uploader.py
102a5dbf-7853-41cc-b317-80aea3894511,2023-08-23 12:01:06.833894+02,../MusicLib/House/Tom Santa - Rainfall.mp3,Rainfall,Tom Santa,"",,House,2:47,F Minor,4A,128,78,86,77,51,14,1,25,6,Uploaded from Uploader.py
c3a5f60b-1db5-4761-9ce9-3759d6fcc772,2023-08-23 12:01:25.890945+02,../MusicLib/House/Wax Motif - See In Color.mp3,See In Color,Wax Motif,"",,House,2:35,B♭ Minor,3A,127,63,81,76,48,14,0,10,5,Uploaded from Uploader.py
7f61ea23-f839-4a3a-888c-faebd9deee27,2023-08-23 12:01:44.521333+02,../MusicLib/House/Zedd - Squid Game.mp3,Squid Game,Zedd,"",,House,2:51,C# Major,3B,125,10,61,92,30,65,83,10,6,Uploaded from Uploader.py
09361c8e-b19a-44ba-ac90-7e345760dd1c,2023-08-23 12:02:12.350751+02,../MusicLib/Pop/A-trak - Heads Will Roll.mp3,Heads Will Roll,A-trak,"",,Pop,3:24,A♭ Minor,1A,132,62,81,67,87,1,5,24,8,Uploaded from Uploader.py
2e2b4364-d8a3-4828-92d3-47e671a281b9,2023-08-23 12:02:30.361421+02,../MusicLib/Pop/Alexandra Stan - Mr. Saxobeat.mp3,Mr. Saxobeat,Alexandra Stan,"",,Pop,3:15,E Minor,9A,127,62,93,72,78,3,0,14,5,Uploaded from Uploader.py
549dccf9-a84b-4e03-b0ac-e8a39c85897d,2023-08-23 12:02:50.773966+02,../MusicLib/Pop/Avicci - Waiting For Love.mp3,Waiting For Love,Avicci,"",,Pop,3:51,F# Minor,11A,128,86,74,58,61,31,0,20,5,Uploaded from Uploader.py
7c6c036e-a9b5-4568-a1d8-05d4bbfbc3c7,2023-08-23 12:03:07.920623+02,../MusicLib/Pop/Avicii - Levels.mp3,Levels,Avicii,"",,Pop,3:20,C# Minor,12A,126,84,89,58,46,5,83,31,3,Uploaded from Uploader.py
68b2782b-f36e-49ed-8741-c14f2113856e,2023-08-23 12:03:25.04008+02,../MusicLib/Pop/Daft Punk - One More Time.mp3,One More Time,Daft Punk,"",,Pop,5:20,D Major,10B,123,80,70,61,48,2,0,33,13,Uploaded from Uploader.py
eedc4ef7-d45d-455e-ab26-ad9a2de0b5a3,2023-08-23 12:03:42.05323+02,../MusicLib/Pop/Darude - Sandstorm.mp3,Sandstorm,Darude,"",,Pop,3:45,B Minor,10A,136,74,97,53,59,14,99,8,5,Uploaded from Uploader.py
b2178ca0-1dba-4a57-a5ae-59e4a52927d7,2023-08-23 12:03:59.192437+02,../MusicLib/Pop/Duck Sauce - Barbra Streisand.mp3,Barbra Streisand,Duck Sauce,"",,Pop,4:25,C# Major,3B,128,54,81,71,74,1,0,25,34,Uploaded from Uploader.py
e9155ce0-4d73-428d-8c6a-a09027d0aec4,2023-08-23 12:04:17.025524+02,../MusicLib/Pop/Flo Rida - Low.mp3,Low,Flo Rida,"",,Pop,3:51,B♭ Minor,3A,128,83,61,92,30,9,0,14,8,Uploaded from Uploader.py
ac5d5884-5ca9-484e-a602-72b3ccc85771,2023-08-23 12:04:34.453375+02,../MusicLib/Pop/GALA - Freed From Desire (XTM Remix).mp3,Freed From Desire (XTM Remix),GALA,"",,Pop,3:34,C Major,8B,136,65,93,61,50,2,17,15,5,Uploaded from Uploader.py
db77fc35-4690-43b9-a411-b5cfbb5901cd,2023-08-23 12:05:08.720404+02,../MusicLib/Pop/Jengi - Bel Mercy.mp3,Bel Mercy,Jengi,"",,Pop,2:50,C# Major,3B,127,63,76,95,69,23,65,10,9,Uploaded from Uploader.py
424ead04-4522-4771-823c-0d60ca6595d3,2023-08-23 12:05:25.600645+02,../MusicLib/Pop/Macklemore & Ryan Lewis - Can't Hold Us.mp3,Can't Hold Us,Macklemore & Ryan Lewis,"",,Pop,4:18,D Major,10B,146,86,93,63,88,3,0,10,8,Uploaded from Uploader.py
6bb06dd3-ce28-4455-9156-8bfd8f4a937e,2023-08-23 12:05:43.794451+02,../MusicLib/Pop/Massivedrum - Believe In The Bomb.mp3,Believe In The Bomb,Massivedrum,"",,Pop,4:10,C Major,8B,175,30,77,28,4,2,93,13,4,Uploaded from Uploader.py
ba5eea20-6857-429e-ac96-4b8edd174b29,2023-08-23 12:06:11.698501+02,../MusicLib/Pop/Massivedrum - The Bomb 2K17.mp3,The Bomb 2K17,Massivedrum,"",,Pop,2:37,A♭ Minor,1A,125,39,85,65,4,22,85,9,5,Uploaded from Uploader.py
b02e41a0-2b01-46a9-a765-384f629ce239,2023-08-23 12:06:31.326479+02,../MusicLib/Pop/Miley Cyrus - Party In The USA.mp3,Party In The USA,Miley Cyrus,"",,Pop,7:01,A♭ Minor,1A,100,48,95,35,26,0,0,85,8,Uploaded from Uploader.py
f0f2cdd3-36d9-49f3-815f-0ba36ece33cc,2023-08-23 12:06:48.399735+02,../MusicLib/Pop/Riton & Olivier Heldens - Turn Me On.mp3,Turn Me On,Riton & Olivier Heldens,"",,Pop,2:49,D Major,10B,123,83,86,82,80,1,0,30,13,Uploaded from Uploader.py
69e5c8f4-2ad9-46c8-8e17-0a34fdefc23b,2023-08-23 12:04:51.230225+02,../MusicLib/Pop/GALA - Freed From Desire.mp3,Freed From Desire,GALA,"",,Pop,3:33,D Minor,7A,129,83,86,70,64,59,6,10,5,"All time classic song, every generation will know this song"
ac562914-84b8-4709-a089-50b3370ad0b7,2023-08-23 12:07:05.237782+02,../MusicLib/Pop/Showtek - Booyah.mp3,Booyah,Showtek,"",,Pop,5:11,B Major,1B,128,55,95,74,52,1,1,6,13,Uploaded from Uploader.py
b266f8c5-9b58-4b46-aeeb-28ea107fa7a2,2023-08-23 12:07:23.633703+02,../MusicLib/Pop/The Opposites - Licht Uit.mp3,Licht Uit,The Opposites,"",,Pop,6:41,B Minor,10A,132,20,81,49,34,31,0,96,13,Uploaded from Uploader.py
1a2af2f8-3932-4884-bd1e-f0969306e92e,2023-08-23 12:07:40.694585+02,../MusicLib/Pop/The Opposites - Thunder.mp3,Thunder,The Opposites,"",,Pop,3:33,A Minor,8A,150,24,75,59,44,0,7,10,6,Uploaded from Uploader.py
206ee130-5909-44cd-9c16-a939e3c20a46,2023-08-23 12:08:02.026932+02,../MusicLib/Pop/Willy William - Mi Gente.mp3,Mi Gente,Willy William,"",,Pop,3:05,B Minor,10A,105,77,70,55,29,2,0,14,8,Uploaded from Uploader.py
842631b1-1931-49ae-8a4b-b32355f2b01a,2023-08-23 12:08:20.195629+02,../MusicLib/Techno/Barthezz - On The Move.mp3,On The Move,Barthezz,"",,Techno,3:36,B♭ Minor,3A,143,59,99,62,69,6,95,29,5,Uploaded from Uploader.py
83619afb-bee3-4e11-9166-5b1d47ea8585,2023-08-23 12:08:38.20322+02,../MusicLib/Techno/Coone - The Return.mp3,The Return,Coone,"",,Techno,2:56,B Minor,10A,160,63,93,59,49,2,0,58,25,Uploaded from Uploader.py
a6a95254-e092-4559-8d78-3b6d4974190b,2023-08-23 12:09:00.267266+02,../MusicLib/Techno/Creeds - Push Up.mp3,Push Up,Creeds,"",,Techno,2:19,G Major,9B,75,86,83,77,19,21,84,6,21,Uploaded from Uploader.py
9a8d5171-3d5a-4a44-8fe1-b15c874bc918,2023-08-23 12:09:19.153689+02,../MusicLib/Techno/DJ Furax - Big Orgus.mp3,Big Orgus,DJ Furax,"",,Techno,2:58,A Minor,8A,130,32,79,65,26,0,54,25,7,Uploaded from Uploader.py
102c0f20-19ae-4cc5-8cba-ac06712e947c,2023-08-23 12:09:36.596284+02,../MusicLib/Techno/Gigi D'Agostino - L'Amour Toujours.mp3,L'Amour Toujours,Gigi D'Agostino,"",,Techno,4:02,G Major,9B,139,77,88,64,74,8,2,36,3,Uploaded from Uploader.py
0422b955-19aa-4ccc-8b8b-cd984dfd397a,2023-08-23 12:09:54.58643+02,../MusicLib/Techno/Gunther D - Allejoppa.mp3,Allejoppa,Gunther D,"",,Techno,3:53,C Major,8B,165,18,61,60,49,0,90,40,5,Uploaded from Uploader.py
79baddb3-ce55-4c74-a573-66f2014166d1,2023-08-23 12:10:12.387666+02,../MusicLib/Techno/Jeckyll & Hyde - Freefall.mp3,Freefall,Jeckyll & Hyde,"",,Techno,3:27,A Major,11B,155,53,96,54,72,0,0,6,11,Uploaded from Uploader.py
cbb15ccb-5741-46fd-ab57-1232f303378c,2023-08-23 12:10:31.815188+02,../MusicLib/Techno/Marshall Masters - I Like It Loud.mp3,I Like It Loud,Marshall Masters,"",,Techno,1:57,F# Minor,11A,150,54,95,65,25,19,1,81,16,Uploaded from Uploader.py
36e3ecf2-a72d-4e8c-a78d-e5cb1b570c6c,2023-08-23 12:10:50.270119+02,../MusicLib/Techno/Salut C'est Cool - Techno Toujours Pareil.mp3,Techno Toujours Pareil,Salut C'est Cool,"",,Techno,3:14,A♭ Minor,1A,159,25,91,66,74,24,1,13,4,Uploaded from Uploader.py
c364d892-023b-4759-a102-9d373d3d88f8,2023-08-23 12:11:07.372009+02,../MusicLib/Techno/Skin On Skin - Burn Them Bridges.mp3,Burn Them Bridges,Skin On Skin,"",,Techno,2:56,B Minor,10A,138,62,84,71,35,3,0,7,4,Uploaded from Uploader.py
ea5049a5-68d7-4662-9c2f-317377be273c,2023-08-23 12:11:24.36094+02,../MusicLib/Techno/Tek & F - Summer Cocktail.mp3,Summer Cocktail,Tek & F,"",,Techno,3:12,A♭ Major,4B,147,78,91,42,60,0,0,27,7,Uploaded from Uploader.py
5ff2acea-edaf-4ab4-b744-f56678ee26d7,2023-08-23 12:11:42.234104+02,../MusicLib/Techno/Vorwerk - Cambodia.mp3,Cambodia,Vorwerk,"",,Techno,5:45,F# Minor,11A,140,37,93,67,4,0,94,11,4,Uploaded from Uploader.py
25dbf009-368d-4911-bd1f-53ec4fe6f96b,2023-08-23 14:16:15.406878+02,../MusicLib/Hip Hop/Beyoncé - Crazy In Love.mp3,Crazy In Love,Beyoncé,"",,Hip Hop,3:56,D Minor,7A,99,81,77,65,68,0,0,7,23,Well known song from Beyoncé
07c3c989-d8fc-4e67-9829-8e85f788f39b,2023-08-23 14:16:32.767925+02,../MusicLib/Hip Hop/Biggie Smalls - Write This Down.mp3,Write This Down,Biggie Smalls,"",,Hip Hop,5:03,A Major,11B,96,79,82,89,78,47,0,18,25,Uploaded from Uploader.py
f5f9fd60-4ee2-43f5-9cf3-e2d6f29fa072,2023-08-23 14:16:49.819005+02,../MusicLib/Hip Hop/Coi Leray - Players.mp3,Players,Coi Leray,"",,Hip Hop,2:20,F# Major,2B,105,85,52,95,62,3,0,5,16,Uploaded from Uploader.py
65f7578a-efca-4785-bd36-c9d6bf9b3b0d,2023-08-23 14:17:07.339187+02,../MusicLib/Hip Hop/DMX - Where The Hood At.mp3,Where The Hood At,DMX,"",,Hip Hop,4:46,A♭ Major,4B,186,73,95,54,79,15,0,36,36,Uploaded from Uploader.py
36c8dea9-9512-41ba-a0c4-72b2fa8ca8d8,2023-08-23 14:17:24.494843+02,../MusicLib/Hip Hop/DMX - X Gon' Give It To Ya.mp3,X Gon' Give It To Ya,DMX,"",,Hip Hop,3:38,B♭ Minor,3A,95,76,90,76,67,1,0,7,18,Uploaded from Uploader.py
7d57c81a-7d68-4cd8-984f-a023d59f9bbf,2023-08-23 14:17:41.542554+02,../MusicLib/Hip Hop/Dr Dre & Snoop Dogg - Still D.R.E..mp3,Still D.R.E.,Dr Dre & Snoop Dogg,"",,Hip Hop,4:31,B Major,1B,93,85,78,82,53,16,0,5,23,Uploaded from Uploader.py
7cff10a1-e320-4622-979d-878e92f668cb,2023-08-23 14:17:58.748932+02,../MusicLib/Hip Hop/Eve - Who's That Girl.mp3,Who's That Girl,Eve,"",,Hip Hop,4:42,F# Major,2B,96,70,86,77,55,2,0,7,19,Uploaded from Uploader.py
30b5069b-bab2-4d3d-99ed-f64ab65b5022,2023-08-23 14:18:16.030636+02,../MusicLib/Hip Hop/JAY-Z - Empire State Of Mind.mp3,Empire State Of Mind,JAY-Z,"",,Hip Hop,4:37,B Major,1B,174,85,96,49,81,3,0,46,39,Uploaded from Uploader.py
4e89f9a8-129d-4109-8ebb-b0a2c8a6d70e,2023-08-23 14:18:34.218356+02,../MusicLib/Hip Hop/Kendrick Lamar - HUMBLE.mp3,HUMBLE,Kendrick Lamar,"",,Hip Hop,2:57,C# Minor,12A,150,87,62,91,42,0,0,10,10,Uploaded from Uploader.py
155a5794-542c-44ca-ab74-8fd8cf4c3732,2023-08-23 14:18:52.270771+02,../MusicLib/Hip Hop/Rakim - Guess Who's Back.mp3,Guess Who's Back,Rakim,"",,Hip Hop,4:11,F# Minor,11A,94,64,80,80,69,2,0,11,26,Uploaded from Uploader.py
6e462e7d-0a3c-41d2-9db3-0a9290867fe4,2023-08-23 14:19:09.747462+02,../MusicLib/Hip Hop/Schoolboy Q - Collard Greens.mp3,Collard Greens,Schoolboy Q,"",,Hip Hop,4:60,B Major,1B,154,79,57,83,65,3,0,21,6,Uploaded from Uploader.py
ad936493-488b-41d6-825d-0e2756fe2b20,2023-08-23 15:03:05.625959+02,../MusicLib/EDM/6IX9INE  - STOOPID (Carnage Remix).mp3,STOOPID (Carnage Remix),6IX9INE ,"",,EDM,2:32,B Major,1B,150,58,63,73,83,13,0,16,40,Uploaded from Uploader.py
75aafb40-bc80-4e09-96d0-e1eba27cb050,2023-08-23 15:03:23.5254+02,../MusicLib/EDM/Abba - Gimme Gimme Gimme (Club Mix).mp3,Gimme Gimme Gimme (Club Mix),Abba,"",,EDM,6:30,C Major,8B,128,3,88,69,73,0,86,80,4,Uploaded from Uploader.py
998b4af9-fc4e-4759-b50e-9a51cc7a3a12,2023-08-23 15:03:40.569267+02,../MusicLib/EDM/Abba - Gimme Gimme Gimme (Syzz Remix).mp3,Gimme Gimme Gimme (Syzz Remix),Abba,"",,EDM,4:53,B♭ Major,6B,120,83,49,75,54,2,1,16,4,Uploaded from Uploader.py
bc473b4c-e886-4a0e-b24f-9ffde8878c38,2023-08-23 15:04:01.35237+02,../MusicLib/EDM/Anton Powers - Make Your Move.mp3,Make Your Move,Anton Powers,"",,EDM,2:49,E Minor,9A,124,63,99,65,56,2,11,16,10,Uploaded from Uploader.py
67eb3ace-0b48-47e1-b2a3-acb376b4f5fc,2023-08-23 15:04:18.988823+02,../MusicLib/EDM/Armin van Buuren - Anita.mp3,Anita,Armin van Buuren,"",,EDM,3:01,E Minor,9A,140,52,91,72,39,0,1,8,4,Uploaded from Uploader.py
27d07182-4a2b-4a76-8b63-b523100cac79,2023-08-23 15:04:38.801154+02,../MusicLib/EDM/Black Eyed Peas - MAMACITA (Littgloss Mix).mp3,MAMACITA (Littgloss Mix),Black Eyed Peas,"",,EDM,3:08,D Minor,7A,120,44,81,70,72,1,14,12,6,Uploaded from Uploader.py
1b9aba76-cf43-465a-b3ae-fbdae6b85e48,2023-08-23 15:04:55.849647+02,../MusicLib/EDM/Bomfunk MC's - Freestyler.mp3,Freestyler,Bomfunk MC's,"",,EDM,2:53,E Minor,9A,164,43,96,85,92,2,3,6,11,Uploaded from Uploader.py
d4012848-cef7-42bc-a4e6-b6aa1cf4d62a,2023-08-23 15:05:12.932739+02,../MusicLib/EDM/Calvin Floss - Smack It In The Air (Bottle Poppin' Remix).mp3,Smack It In The Air (Bottle Poppin' Remix),Calvin Floss,"",,EDM,5:12,F Minor,4A,59,37,57,77,68,3,0,22,23,Uploaded from Uploader.py
b23f7670-fdfd-491b-86ad-89357df7bee0,2023-08-23 15:05:30.355549+02,../MusicLib/EDM/Chemical Surf - Hey Hey Hey.mp3,Hey Hey Hey,Chemical Surf,"",,EDM,5:22,D Major,10B,124,57,80,80,30,1,86,16,7,Uploaded from Uploader.py
e6b14682-d033-4fda-95df-5b4ae6eafb1a,2023-08-23 15:05:48.28263+02,../MusicLib/EDM/Destructo - Party Up (GTA Remix).mp3,Party Up (GTA Remix),Destructo,"",,EDM,4:20,F# Major,2B,130,43,91,57,59,1,0,10,24,Uploaded from Uploader.py
b228c056-5756-4f20-b16b-eda077a55138,2023-08-23 15:06:06.483266+02,../MusicLib/EDM/Doctor Y - Show Me Love.mp3,Show Me Love,Doctor Y,"",,EDM,3:39,D Minor,7A,128,48,73,68,20,3,0,10,4,Uploaded from Uploader.py
d837d148-a496-4f91-aa90-f14f4e112968,2023-08-23 15:06:24.407061+02,../MusicLib/EDM/Eliza Rose - B.O.T.A (Baddest Of Them All).mp3,B.O.T.A (Baddest Of Them All),Eliza Rose,"",,EDM,3:47,C Major,8B,137,81,91,74,70,16,59,11,5,Uploaded from Uploader.py
06ab5918-96a1-4b05-851e-b762af4ea416,2023-08-23 15:06:41.878686+02,../MusicLib/EDM/Fred Again - Danielle.mp3,Danielle,Fred Again,"",,EDM,3:21,C Major,8B,130,71,87,65,22,0,2,12,7,Uploaded from Uploader.py
51cac4bf-9b64-4e2a-a658-d7752ae9427f,2023-08-23 15:06:59.091129+02,../MusicLib/EDM/Fred Again - Jungle.mp3,Jungle,Fred Again,"",,EDM,3:19,C# Minor,12A,134,73,73,67,40,1,39,17,4,Uploaded from Uploader.py
5a40cb8c-e413-444b-b544-9d50a642f5a3,2023-08-23 15:07:16.10889+02,../MusicLib/EDM/Fred Again - Kammy.mp3,Kammy,Fred Again,"",,EDM,3:59,D Minor,7A,132,62,95,72,60,3,8,27,6,Uploaded from Uploader.py
4181da4d-4b2b-4feb-a9e9-cf0abbb0235e,2023-08-23 15:07:32.978706+02,../MusicLib/EDM/Fred Again - Turn On The Lights.mp3,Turn On The Lights,Fred Again,"",,EDM,4:28,F# Minor,11A,132,76,89,68,55,1,45,32,5,Uploaded from Uploader.py
a3367d31-247b-4b06-be1f-44c4c380619a,2023-08-23 15:07:50.087833+02,../MusicLib/EDM/Fred Again - We've Lost Dancing.mp3,We've Lost Dancing,Fred Again,"",,EDM,4:45,F Minor,4A,123,78,78,76,47,7,11,6,14,Uploaded from Uploader.py
7aea61a9-2568-4915-860d-de0a894ea154,2023-08-23 15:08:07.567832+02,../MusicLib/EDM/Garmiani - AVA.mp3,AVA,Garmiani,"",,EDM,2:01,F Minor,4A,105,45,99,36,4,1,11,34,22,Uploaded from Uploader.py
833d36eb-3251-48ee-8e59-33b4a22f9ca3,2023-08-23 15:08:24.414126+02,../MusicLib/EDM/Garmiani - Barraca.mp3,Barraca,Garmiani,"",,EDM,2:30,F Minor,4A,128,45,98,78,94,18,62,33,7,Uploaded from Uploader.py
a4c68810-ba07-44f5-a0ba-f25975fbd6de,2023-08-23 15:08:42.238881+02,../MusicLib/EDM/GTA & Valentino Khan - Break Your Neck.mp3,Break Your Neck,GTA & Valentino Khan,"",,EDM,2:01,B Minor,10A,142,58,64,92,52,9,0,12,33,Uploaded from Uploader.py
a8a41b02-4f36-40a7-bf47-c73a524b41a6,2023-08-23 15:09:00.449114+02,../MusicLib/EDM/Hardwell - Light It Up.mp3,Light It Up,Hardwell,"",,EDM,2:44,B Minor,10A,128,30,95,67,37,2,0,7,5,Uploaded from Uploader.py
36b718d3-5f78-45b6-ba55-fbd53141d33f,2023-08-23 15:09:17.852064+02,../MusicLib/EDM/Henry Fong - Rave Tool.mp3,Rave Tool,Henry Fong,"",,EDM,2:18,D Major,10B,150,43,100,57,25,0,74,22,6,Uploaded from Uploader.py
66d5c0e6-c386-49b7-9547-170edfbd994b,2023-08-23 15:09:35.979946+02,../MusicLib/EDM/I Am Legion - Choosing For You.mp3,Choosing For You,I Am Legion,"",,EDM,4:08,C# Major,3B,75,20,90,63,39,0,0,29,37,Uploaded from Uploader.py
a5f86237-3f7c-449e-b8ac-fc33326010a1,2023-08-23 15:09:52.962907+02,../MusicLib/EDM/Ibranovski - Beggin.mp3,Beggin,Ibranovski,"",,EDM,3:10,C# Minor,12A,125,27,66,75,4,0,65,11,4,Uploaded from Uploader.py
f1a5113f-6f91-4371-bf46-02a0798986fd,2023-08-23 15:10:09.933859+02,../MusicLib/EDM/james Hype - More Than Friends.mp3,More Than Friends,james Hype,"",,EDM,2:21,F Minor,4A,123,65,89,81,45,10,0,27,11,Uploaded from Uploader.py
86843da4-d140-4ca7-bc09-cad5d198b0e5,2023-08-23 15:10:27.194675+02,../MusicLib/EDM/JOYRIDE - I WARE HOUSE.mp3,I WARE HOUSE,JOYRIDE,"",,EDM,4:27,F# Major,2B,125,47,89,66,30,3,3,34,20,Uploaded from Uploader.py
fc5667c9-ca28-4f2b-8bb3-93a6e2e02006,2023-08-23 15:10:45.054249+02,../MusicLib/EDM/JOYRIDE - SPEED TRAP.mp3,SPEED TRAP,JOYRIDE,"",,EDM,3:50,C# Minor,12A,128,46,84,65,10,2,0,61,30,Uploaded from Uploader.py
0b397bff-74c4-4e3b-8d81-16585e2b8121,2023-08-23 15:11:02.97422+02,../MusicLib/EDM/Junior Jack - E Samba.mp3,E Samba,Junior Jack,"",,EDM,3:36,G Major,9B,125,53,96,64,78,0,17,11,6,Uploaded from Uploader.py
94a8b50c-a42c-4649-8e9d-7c66484bc40e,2023-08-23 15:11:20.920847+02,../MusicLib/EDM/Kid Cudi - Day 'N' Nite (Crookers Remix).mp3,Day 'N' Nite (Crookers Remix),Kid Cudi,"",,EDM,4:41,B Minor,10A,130,61,64,75,97,3,6,6,5,Uploaded from Uploader.py
436bc05e-e258-4195-ada7-40165aba86d5,2023-08-23 15:11:37.844993+02,../MusicLib/EDM/Knock2 - Dashstar.mp3,Dashstar,Knock2,"",,EDM,2:20,F Major,7B,126,67,97,58,6,2,29,35,8,Uploaded from Uploader.py
8253e291-388e-4598-ba7c-d8de3e1b6c7a,2023-08-23 15:11:57.675785+02,../MusicLib/EDM/Kryder - Dogs On Acid.mp3,Dogs On Acid,Kryder,"",,EDM,1:13,B Major,1B,132,11,94,61,50,0,94,34,11,Uploaded from Uploader.py
a164d3a7-b53b-4b63-adf7-bdf78078c680,2023-08-23 15:12:14.604089+02,../MusicLib/EDM/Kryder - Unity.mp3,Unity,Kryder,"",,EDM,3:14,A♭ Major,4B,126,20,97,71,65,1,0,36,16,Uploaded from Uploader.py
538d7829-a59a-4449-9dbd-026c835f7569,2023-08-23 15:12:32.719082+02,../MusicLib/EDM/Laidback Luke - Mad Man.mp3,Mad Man,Laidback Luke,"",,EDM,3:06,C Major,8B,140,35,94,56,33,0,74,37,7,Uploaded from Uploader.py
5b877505-5f63-4f45-98b1-60c770a9cb88,2023-08-23 15:12:49.674027+02,../MusicLib/EDM/Magnificence - Cobra.mp3,Cobra,Magnificence,"",,EDM,3:27,B Minor,10A,126,19,94,82,54,0,78,8,8,Uploaded from Uploader.py
e57c9629-37f3-45f3-9c62-dfa41fa6983d,2023-08-23 15:13:07.999224+02,../MusicLib/EDM/Martin Solveig Vs Skepta - Thats Not Me (Alex Ross Remix).mp3,Thats Not Me (Alex Ross Remix),Martin Solveig Vs Skepta,"",,EDM,3:11,E♭ Major,5B,128,64,98,67,45,1,0,11,3,Uploaded from Uploader.py
8f6871be-45c9-49fa-80d1-0e75c6cb63cd,2023-08-23 15:13:26.112177+02,../MusicLib/EDM/Netsky - Higher.mp3,Higher,Netsky,"",,EDM,4:34,B♭ Minor,3A,126,36,90,86,46,3,1,7,10,Uploaded from Uploader.py
434e7e0c-aa90-480a-b11a-56a4a3b9fa50,2023-08-23 15:13:43.215237+02,../MusicLib/EDM/New World Sound - Flute.mp3,Flute,New World Sound,"",,EDM,4:47,C# Major,3B,128,43,95,62,11,0,33,4,5,Uploaded from Uploader.py
1a17fec9-2b49-4c37-b719-18af2761d943,2023-08-23 15:14:00.627718+02,../MusicLib/EDM/Nicki Minaj - Super Freaky Girl (Dirty).mp3,Super Freaky Girl (Dirty),Nicki Minaj,"",,EDM,2:51,D Major,10B,133,76,88,95,92,5,0,32,21,Uploaded from Uploader.py
d14ad570-b2e0-4e0b-a327-19cd6d97e2b8,2023-08-23 15:14:17.985398+02,../MusicLib/EDM/Oliver Heldens - Gecko.mp3,Gecko,Oliver Heldens,"",,EDM,2:45,C Major,8B,125,70,89,61,76,1,0,34,6,Uploaded from Uploader.py
7e77309c-78a7-43b7-a96d-722633272211,2023-08-23 15:14:54.404276+02,../MusicLib/EDM/Salvatore Ganacci - Cake.mp3,Cake,Salvatore Ganacci,"",,EDM,2:35,D Major,10B,145,39,92,66,49,1,4,19,24,Uploaded from Uploader.py
213474c4-d9f6-4430-a1a3-afe7f7a624b3,2023-08-23 15:15:15.252607+02,../MusicLib/EDM/Salvatore Ganacci - Flags.mp3,Flags,Salvatore Ganacci,"",,EDM,3:05,C Major,8B,125,33,91,76,59,2,6,6,7,Uploaded from Uploader.py
0d9a0f5f-7c45-48e8-a425-a910af462922,2023-08-23 15:15:33.719559+02,../MusicLib/EDM/Salvatore Ganacci - Fresh.mp3,Fresh,Salvatore Ganacci,"",,EDM,2:59,B Minor,10A,130,30,100,66,45,7,26,9,10,Uploaded from Uploader.py
a950ca6f-78e4-4d21-bea4-836aaad6c0f4,2023-08-23 15:15:51.248267+02,../MusicLib/EDM/Salvatore Ganacci - Horse.mp3,Horse,Salvatore Ganacci,"",,EDM,2:54,B♭ Minor,3A,146,53,98,71,59,0,75,11,6,Uploaded from Uploader.py
75194200-2e62-41f2-8ac0-c167c6ea99a0,2023-08-23 15:16:08.779659+02,../MusicLib/EDM/Salvatore Ganacci - Imagine.mp3,Imagine,Salvatore Ganacci,"",,EDM,3:02,F Minor,4A,125,35,77,69,57,7,0,12,19,Uploaded from Uploader.py
54d762df-83d3-4dc8-809f-47f3e91c1e61,2023-08-23 15:16:27.214251+02,../MusicLib/EDM/Salvatore Ganacci - Jah Jah Guide Me.mp3,Jah Jah Guide Me,Salvatore Ganacci,"",,EDM,3:52,D Minor,7A,145,58,57,76,96,5,0,7,6,Uploaded from Uploader.py
58feca06-5694-4d6c-b791-254c910eb73a,2023-08-23 15:16:45.082809+02,../MusicLib/EDM/Salvatore Ganacci - Jook It.mp3,Jook It,Salvatore Ganacci,"",,EDM,2:06,F Major,7B,126,48,93,78,57,7,0,29,8,Uploaded from Uploader.py
6c069863-f560-413b-9ee3-10a7bc84a728,2023-08-23 15:17:11.398693+02,../MusicLib/EDM/Salvatore Ganacci - Talk.mp3,Talk,Salvatore Ganacci,Talk,,EDM,2:45,F Minor,4A,150,66,48,73,69,37,0,12,15,Uploaded from Uploader.py
b8641b8b-7561-4902-9713-8753c8c87632,2023-08-23 15:17:28.728769+02,../MusicLib/EDM/Salvatore Ganacci - Wasabi.mp3,Wasabi,Salvatore Ganacci,"",,EDM,3:27,C# Major,3B,126,54,75,81,74,0,78,18,5,Uploaded from Uploader.py
23b9acab-7fab-4cc6-9b35-c744fdd7eb60,2023-08-23 15:17:46.828983+02,../MusicLib/EDM/Salvatore Ganacci - XL (Remix).mp3,XL (Remix),Salvatore Ganacci,"",,EDM,2:59,F# Minor,11A,150,12,100,71,36,7,36,55,17,Uploaded from Uploader.py
8d27e300-923a-48ee-ba39-b45ac7434e0d,2023-08-23 15:18:04.893226+02,../MusicLib/EDM/Salvatore Ganacci - XL.mp3,XL,Salvatore Ganacci,"",,EDM,3:13,A Major,11B,105,34,92,74,44,1,0,11,38,Uploaded from Uploader.py
004c580b-2839-4c03-9c34-d5a058eb45e1,2023-08-23 15:18:22.242539+02,../MusicLib/EDM/Skrillex & Fred Again - Baby Again.mp3,Baby Again,Skrillex & Fred Again,"",,EDM,3:14,F# Minor,11A,138,77,85,75,54,0,4,12,8,Uploaded from Uploader.py
098e6fbf-a816-49be-838f-0c70ca4e0c2c,2023-08-23 15:18:39.564111+02,../MusicLib/EDM/Skrillex & Fred Again - Rumble.mp3,Rumble,Skrillex & Fred Again,"",,EDM,3:14,F# Minor,11A,138,77,85,75,54,0,4,12,8,Uploaded from Uploader.py
7b765e94-379b-476a-81c0-c3c3ad02d321,2023-08-23 15:18:56.595207+02,../MusicLib/EDM/Skrillex - A Street I know.mp3,A Street I know,Skrillex,"",,EDM,3:35,A♭ Major,4B,145,53,88,70,42,4,74,21,5,Uploaded from Uploader.py
b95102f4-6e5c-42ee-8d87-d1e251efd50d,2023-08-23 15:19:13.802254+02,../MusicLib/EDM/Skrillex - Agen Wida.mp3,Agen Wida,Skrillex,"",,EDM,3:19,C# Major,3B,126,51,91,78,59,1,0,8,18,Uploaded from Uploader.py
0c6e0a3d-7255-4315-a9a3-9bb593a35721,2023-08-23 15:19:31.176526+02,../MusicLib/EDM/Skrillex - Good Space.mp3,Good Space,Skrillex,"",,EDM,2:12,A♭ Major,4B,150,57,78,81,49,2,10,30,5,Uploaded from Uploader.py
1c130325-e5ab-43d3-a049-fbfa86f74697,2023-08-23 15:19:49.200917+02,../MusicLib/EDM/Skrillex - Hydrate.mp3,Hydrate,Skrillex,"",,EDM,3:36,B♭ Minor,3A,75,59,79,68,28,6,0,18,14,Uploaded from Uploader.py
82e3c338-02dd-4c16-b4be-d23ffa62af56,2023-08-23 15:20:06.341565+02,../MusicLib/EDM/Skrillex - In Da Ghetto (Chris Lorenzo Remix).mp3,In Da Ghetto (Chris Lorenzo Remix),Skrillex,"",,EDM,2:11,A♭ Major,4B,127,73,72,92,64,2,0,11,5,Uploaded from Uploader.py
32a9d0e6-af94-49bf-a689-94e6466da7f9,2023-08-23 15:20:24.128434+02,../MusicLib/EDM/Skrillex - Inhale Exhale.mp3,Inhale Exhale,Skrillex,"",,EDM,3:25,F Minor,4A,145,58,55,71,64,5,2,11,4,Uploaded from Uploader.py
140e0fbe-13e3-49ac-ae38-1c08ae30b38e,2023-08-23 15:20:41.590301+02,../MusicLib/EDM/Skrillex - Make A Move.mp3,Make A Move,Skrillex,"",,EDM,3:31,B Minor,10A,150,31,90,66,24,1,19,20,21,Uploaded from Uploader.py
6da31ae8-bb5d-4fbb-94e0-cbc5a2a3a25b,2023-08-23 15:14:36.008032+02,../MusicLib/EDM/Ray Charles - Hit The Road jack (Milkdrop Trap Remix).mp3,Hit The Road jack (Milkdrop Trap Remix),Ray Charles,"",,EDM,1:60,A♭ Minor,1A,173,76,57,60,96,70,0,51,14,trap version of Hit the road Jack
07aae641-dcdc-44c0-8afb-6c9771a1c54c,2023-08-23 15:20:58.469002+02,../MusicLib/EDM/Skrillex - RATATA.mp3,RATATA,"Skrillex, Missy Elliot","",,EDM,2:07,A Major,11B,124,73,60,89,50,1,0,8,14,House vibes from Skrillex  with good vocals from Missy E.
efc7a63d-3de2-4525-ba36-88c8a715d48c,2023-08-23 15:21:15.925987+02,../MusicLib/EDM/Skrillex - Still Here.mp3,Still Here,Skrillex,"",,EDM,5:12,C Major,8B,130,55,97,64,58,0,21,33,8,Uploaded from Uploader.py
792632ee-4ca9-4ffb-ab4c-6baa0eb22d6a,2023-08-23 15:21:52.008658+02,../MusicLib/EDM/Skrillex - TOO BIZARRE.mp3,TOO BIZARRE,Skrillex,"",,EDM,3:29,A♭ Minor,1A,80,55,92,72,84,0,0,14,17,Uploaded from Uploader.py
aa5879cd-438c-4826-9b0e-8393c90f36e1,2023-08-23 15:22:30.279626+02,../MusicLib/EDM/The Prodidy - Out Of Space (Cut & Run Booty Space Mix).mp3,Out Of Space (Cut & Run Booty Space Mix),The Prodidy,"",,EDM,5:36,A Major,11B,130,55,81,67,30,1,88,4,5,Uploaded from Uploader.py
95655d1c-c632-4706-991f-8069c193ae34,2023-08-23 15:22:47.273228+02,../MusicLib/EDM/Tryde & Krytek -  Sao Paolo.mp3, Sao Paolo,Tryde & Krytek,"",,EDM,4:31,B♭ Major,6B,130,76,60,62,7,11,0,28,27,Uploaded from Uploader.py
28a227d0-7607-4795-97ef-8b96f48f02af,2023-08-23 15:23:04.530523+02,../MusicLib/EDM/Tujamo - Drop That Low.mp3,Drop That Low,Tujamo,"",,EDM,2:40,F Minor,4A,126,70,90,59,10,1,84,12,37,Uploaded from Uploader.py
7a5846f9-2d19-4dcd-b382-2b81d17702af,2023-08-23 15:23:25.411307+02,../MusicLib/EDM/Tujamo - Funk You.mp3,Funk You,Tujamo,"",,EDM,2:48,C Major,8B,126,36,97,74,15,21,38,22,12,Uploaded from Uploader.py
7a5fe248-db44-4903-818e-4dff2b83ea08,2023-08-23 15:23:46.326527+02,../MusicLib/EDM/Tujamo - Get Up.mp3,Get Up,Tujamo,Get Up,,EDM,2:13,C# Major,3B,126,35,97,70,64,1,83,3,7,Uploaded from Uploader.py
25c98f98-a90d-4a5a-9f94-8366577a06a3,2023-08-23 15:24:05.505998+02,../MusicLib/EDM/Tujamo - Shake It.mp3,Shake It,Tujamo,"",,EDM,3:10,C# Major,3B,127,42,97,83,63,0,1,22,6,Uploaded from Uploader.py
40d0eb9a-98a7-47b5-8f60-b90c77a2aa48,2023-08-23 15:24:23.636472+02,../MusicLib/EDM/TWRK - Badinga.mp3,Badinga,TWRK,"",,EDM,3:30,C# Major,3B,103,52,83,79,40,2,0,10,4,Uploaded from Uploader.py
e86e44b2-4d0a-40c4-be37-1a065caa03f0,2023-08-23 15:24:41.326291+02,../MusicLib/EDM/Valentino Khan - Deep Down Low.mp3,Deep Down Low,Valentino Khan,"",,EDM,3:10,F Minor,4A,126,58,90,79,50,0,62,9,7,Uploaded from Uploader.py
49d35d68-fcf1-419b-a73b-18738c136d3f,2023-08-23 15:25:01.641612+02,../MusicLib/EDM/Vandalism - Forever.mp3,Forever,Vandalism,"",,EDM,6:11,G Major,9B,123,17,88,79,27,1,88,7,7,Uploaded from Uploader.py
0ba2856b-24dd-412f-8481-7b60aae4d8b4,2023-08-23 15:25:20.201704+02,../MusicLib/EDM/Wiwek & Alvaro - Boomshakatak.mp3,Boomshakatak,Wiwek & Alvaro,"",,EDM,3:07,C# Major,3B,132,55,90,60,4,7,80,23,6,Uploaded from Uploader.py
15baf738-e768-41eb-9df6-b4a68f24cbc0,2023-08-23 15:25:37.216124+02,../MusicLib/EDM/Wuki - Backstreet Ho.mp3,Backstreet Ho,Wuki,"",,EDM,4:47,B♭ Minor,3A,108,61,81,79,51,1,0,22,4,Uploaded from Uploader.py
73b5d835-bd7e-4455-8c0f-d8ad900f5b6f,2023-08-23 15:25:54.033272+02,../MusicLib/EDM/Wuki - NYC 2 LA.mp3,NYC 2 LA,Wuki,"",,EDM,3:12,D Major,10B,132,35,81,75,71,1,19,46,8,Uploaded from Uploader.py
10288b9e-31f9-4b8c-b507-fe98acd889de,2023-08-23 15:26:12.016696+02,../MusicLib/EDM/Wuki - Pon De Time.mp3,Pon De Time,Wuki,"",,EDM,3:56,E Major,12B,135,31,63,51,8,0,20,30,3,Uploaded from Uploader.py
a97735ea-d1b4-448e-a405-aa6976aba6bc,2023-08-23 15:26:31.498168+02,../MusicLib/EDM/Wuki - We Like to Fuck that Shit.mp3,We Like to Fuck that Shit,Wuki,Unknown Album,,EDM,2:42,F# Minor,11A,141,48,98,65,21,1,57,31,9,Uploaded from Uploader.py
be004d5b-4d65-4a3d-a714-d293b8eb299a,2023-08-23 15:26:48.808776+02,../MusicLib/EDM/Yultron - Imma Be A Raver.mp3,Imma Be A Raver,Yultron,"",,EDM,3:06,G Major,9B,170,37,92,79,31,4,7,13,14,Uploaded from Uploader.py
2e583af5-93d6-4f60-9212-0cd6fa999e46,2023-08-24 11:08:03.109622+02,../MusicLib/Drum & Bass/Serum - Lumberjackin'.mp3,Lumberjackin',Serum,"",,Drum & Bass,4:00,E Minor,9A,89,60,87,83,44,2,0,6,12,Charva hype
2c5e9114-1a28-4266-a206-16c0fd8875ce,2023-08-24 11:09:13.699152+02,../MusicLib/Drum & Bass/Alcemist - Stan Smith.mp3,Stan Smith,Alcemist,"",,Drum & Bass,3:55,D Major,10B,175,66,87,70,25,7,0,13,33,Charva Drum & Bass popular under the ravers
01a7fe64-7c89-4182-b4fe-6db3e9436a3c,2023-08-24 11:11:11.263741+02,../MusicLib/Drum & Bass/Bru-C - Paradise (Alcemist Remix).mp3,Paradise (Alcemist Remix),Bru-C,"",,Drum & Bass,3:28,D Major,10B,174,46,86,66,19,1,6,10,11,"Alcemist remix of an awesome song by Bru-C, also popular under ravers"
5920b49f-e3b9-449f-97be-a89722ffa5e6,2023-08-24 11:12:25.979858+02,"../MusicLib/Drum & Bass/Kings Of The Rollers, Katy B - Paradise.mp3",Paradise,"Kings Of The Rollers, Katy B","",,Drum & Bass,3:02,A♭ Minor,1A,88,62,84,64,40,0,1,13,4,Charva Vibe
8ad46a27-196d-4ea4-864c-341d9e611345,2023-08-24 11:13:19.540013+02,../MusicLib/Drum & Bass/MONSS - FLUTE.mp3,FLUTE,MONSS,"",,Drum & Bass,3:17,G Major,9B,88,63,86,75,19,4,59,16,5,Drum & Bass with a flute??
c8fa58f0-9bbb-43ec-a25a-a124b0cda86f,2023-08-24 11:17:37.169439+02,"../MusicLib/Vlaamse Hip Hop/Ski Aggu, Joost, Otto Waalkes - Friesenjung.mp3",Friesenjung,"Ski Aggu, Joost, Otto Waalkes","",,Vlaamse Hip Hop,2:26,B Minor,10A,161,83,98,79,90,2,0,24,12,Popular Hype song from Joost
48db9155-032c-4f80-ba01-144cc396a2bd,2023-08-24 11:19:45.25404+02,"../MusicLib/Bassline/Sammy Virji, Flowdan - Shella Verse.mp3",Shella Verse,"Sammy Virji, Flowdan","",,Bassline,2:44,D Major,10B,133,57,90,66,85,1,0,11,29,Insane collab! Deep Flowdan vocals
da1ea41f-6354-44e4-86e3-5f5393292620,2023-08-24 11:21:47.539103+02,../MusicLib/Dubstep/Space Laces - Survive.mp3,Survive,Space Laces,"",,Dubstep,3:31,B Major,1B,75,45,91,48,19,2,0,59,12,""
a65fb610-e540-453a-b262-642c2446a97a,2023-08-24 11:22:52.089735+02,"../MusicLib/EDM/Oliver Tree, Robin Schulz - Miss You.mp3",Miss You,"Oliver Tree, Robin Schulz","",,EDM,3:28,F# Minor,11A,128,24,69,75,52,0,0,35,15,Awesome lyrics by Oliver Tree
d857fb59-f3b9-4aa4-bfea-fa010b366b31,2023-08-24 11:25:07.534935+02,../MusicLib/Hardstyle/The Prophet - Recession.mp3,Recession,The Prophet,"",,Hardstyle,6:47,G Major,9B,150,34,96,73,63,2,41,67,9,"Deep, dark lyrics with insane drop"
502be39f-536c-4862-9d69-0a62ef279b7c,2023-08-24 11:30:46.035632+02,../MusicLib/Techno/Maddix - Heute Nacht.mp3,Heute Nacht,Maddix,"",,Techno,3:24,B Minor,10A,135,73,91,61,4,2,48,13,4,""
e82df57b-e081-4ad0-a517-587cc40d9546,2023-08-23 15:21:32.669933+02,../MusicLib/EDM/Skrillex - Tears.mp3,Tears,Skrillex,"",,EDM,3:06,F Minor,4A,140,59,63,70,37,0,20,11,10,More oldskool dubstep from Skrillex
7d54126a-aac3-43e9-8117-72faa63c48f0,2023-08-24 11:32:41.473139+02,../MusicLib/Jumpstyle/Mark with a K - Oasis.mp3,Oasis,Mark with a K,"",,Jumpstyle,3:15,C# Minor,12A,180,58,75,69,19,6,5,19,25,Popular Jumpstyle from belgium!!
46fec427-b38e-4d66-85ca-aae769de3130,2023-08-24 17:16:51.914975+02,../MusicLib/Bassline/A.way - All The Things You Said.mp3,All The Things You Said,A.way,"",,Bassline,3:46,F# Minor,11A,132,43,65,52,73,12,0,16,4,""
d97af5dd-ac35-40c2-be53-cf917f98226a,2023-08-25 10:37:05.847953+02,"../MusicLib/Dubstep/Jessica Audiffred, Riot Ten - Dale.mp3",Dale,"Jessica Audiffred, Riot Ten","",,Dubstep,3:15,F# Minor,11A,140,46,92,74,16,3,0,10,11,Really heavy Dubstep with the Jessica Audiffred touch
4f5e9a83-f829-431a-9143-7c98784f0ca0,2023-08-25 10:40:16.385263+02,../MusicLib/Dubstep/Ray Volpe - HAPPY SONG.mp3,HAPPY SONG,Ray Volpe,"",,Dubstep,3:47,F# Minor,11A,150,52,96,57,15,0,83,14,7,Insane Dubstep Drop
